Date,Open,High,Low,Close,Adj Close,Volume
10/26/2015,701.549988,719.150024,701.26001,712.780029,712.780029,2716600
10/27/2015,707.380005,713.619995,704.549988,708.48999,708.48999,2245800
10/28/2015,707.330017,712.97998,703.080017,712.950012,712.950012,2178900
10/29/2015,710.5,718.26001,710.01001,716.919983,716.919983,1456000
10/30/2015,715.72998,718,710.049988,710.809998,710.809998,1908800
11/2/2015,711.059998,721.619995,705.849976,721.109985,721.109985,1886300
11/3/2015,718.859985,724.650024,714.719971,722.159973,722.159973,1565400
11/4/2015,722,733.099976,721.900024,728.109985,728.109985,1706700
11/5/2015,729.469971,739.47998,729.469971,731.25,731.25,1861600
11/6/2015,731.5,735.409973,727.01001,733.76001,733.76001,1511600
11/9/2015,730.200012,734.710022,719.429993,724.890015,724.890015,2069800
11/10/2015,724.400024,730.590027,718.5,728.320007,728.320007,1608000
11/11/2015,732.460022,741,730.22998,735.400024,735.400024,1366400
11/12/2015,731,737.799988,728.64502,731.22998,731.22998,1837200
11/13/2015,729.169983,731.150024,716.72998,717,717,2075500
11/16/2015,715.599976,729.48999,711.330017,728.960022,728.960022,1905900
11/17/2015,729.289978,731.844971,723.026978,725.299988,725.299988,1510900
11/18/2015,727.580017,741.409973,727,740,740,1684300
11/19/2015,738.73999,742,737.429993,738.409973,738.409973,1327100
11/20/2015,746.530029,757.919983,743,756.599976,756.599976,2212300
11/23/2015,757.450012,762.708008,751.820007,755.97998,755.97998,1414500
11/24/2015,752,755.278992,737.630005,748.280029,748.280029,2333100
11/25/2015,748.140015,752,746.059998,748.150024,748.150024,1122100
11/27/2015,748.460022,753.409973,747.48999,750.26001,750.26001,838500
11/30/2015,748.809998,754.929993,741.27002,742.599976,742.599976,2097600
12/1/2015,747.109985,768.950012,746.700012,767.039978,767.039978,2134600
12/2/2015,768.900024,775.955017,758.960022,762.380005,762.380005,2230400
12/3/2015,766.01001,768.994995,745.630005,752.539978,752.539978,2590600
12/4/2015,753.099976,768.48999,750,766.809998,766.809998,2757300
12/7/2015,767.77002,768.72998,755.090027,763.25,763.25,1812300
12/8/2015,757.890015,764.799988,754.200012,762.369995,762.369995,1829500
12/9/2015,759.169983,764.22998,737.000977,751.609985,751.609985,2700000
12/10/2015,752.849976,755.849976,743.830017,749.460022,749.460022,1988400
12/11/2015,741.159973,745.710022,736.75,738.869995,738.869995,2224400
12/14/2015,741.789978,748.72998,724.169983,747.77002,747.77002,2412500
12/15/2015,753,758.080017,743.01001,743.400024,743.400024,2666200
12/16/2015,750,760.590027,739.434998,758.090027,758.090027,1993300
12/17/2015,762.419983,762.679993,749,749.429993,749.429993,1553400
12/18/2015,746.51001,754.130005,738.150024,739.309998,739.309998,3148700
12/21/2015,746.130005,750,740,747.77002,747.77002,1525700
12/22/2015,751.650024,754.849976,745.530029,750,750,1365400
12/23/2015,753.469971,754.210022,744,750.309998,750.309998,1565900
12/24/2015,749.549988,751.349976,746.619995,748.400024,748.400024,527200
12/28/2015,752.919983,762.98999,749.52002,762.51001,762.51001,1515300
12/29/2015,766.690002,779.97998,766.429993,776.599976,776.599976,1765000
12/30/2015,776.599976,777.599976,766.900024,771,771,1293300
12/31/2015,769.5,769.5,758.340027,758.880005,758.880005,1500900
1/4/2016,743,744.059998,731.257996,741.840027,741.840027,3272800
1/5/2016,746.450012,752,738.640015,742.580017,742.580017,1950700
1/6/2016,730,747.179993,728.919983,743.619995,743.619995,1947000
1/7/2016,730.309998,738.5,719.059998,726.390015,726.390015,2963700
1/8/2016,731.450012,733.22998,713,714.469971,714.469971,2450900
1/11/2016,716.609985,718.85498,703.539978,716.030029,716.030029,2090600
1/12/2016,721.679993,728.75,717.317017,726.070007,726.070007,2024500
1/13/2016,730.849976,734.73999,698.609985,700.559998,700.559998,2501700
1/14/2016,705.380005,721.924988,689.099976,714.719971,714.719971,2225800
1/15/2016,692.289978,706.73999,685.369995,694.450012,694.450012,3608100
1/19/2016,703.299988,709.97998,693.409973,701.789978,701.789978,2268100
1/20/2016,688.609985,706.849976,673.26001,698.450012,698.450012,3445000
1/21/2016,702.179993,719.190002,694.460022,706.590027,706.590027,2412200
1/22/2016,723.599976,728.130005,720.120972,725.25,725.25,2011800
1/25/2016,723.580017,729.679993,710.01001,711.669983,711.669983,1711700
1/26/2016,713.849976,718.280029,706.47998,713.039978,713.039978,1331700
1/27/2016,713.669983,718.234985,694.390015,699.98999,699.98999,2194200
1/28/2016,722.219971,733.690002,712.349976,730.960022,730.960022,2676400
1/29/2016,731.530029,744.98999,726.799988,742.950012,742.950012,3474300
2/1/2016,750.460022,757.859985,743.27002,752,752,5139200
2/2/2016,784.5,789.869995,764.650024,764.650024,764.650024,6348100
2/3/2016,770.219971,774.5,720.5,726.950012,726.950012,6171000
2/4/2016,722.809998,727,701.859985,708.01001,708.01001,5168700
2/5/2016,703.869995,703.98999,680.150024,683.570007,683.570007,5105700
2/8/2016,667.849976,684.030029,663.059998,682.73999,682.73999,4247400
2/9/2016,672.320007,699.900024,668.77002,678.109985,678.109985,3608900
2/10/2016,686.859985,701.309998,682.130005,684.119995,684.119995,2638000
2/11/2016,675,689.349976,668.867981,683.109985,683.109985,3024000
2/12/2016,690.26001,693.75,678.599976,682.400024,682.400024,2141400
2/16/2016,692.97998,698,685.049988,691,691,2520000
2/17/2016,698.090027,709.75,691.380005,708.400024,708.400024,2492600
2/18/2016,710,712.349976,696.030029,697.349976,697.349976,1883200
2/19/2016,695.030029,703.080994,694.049988,700.909973,700.909973,1589300
2/22/2016,707.450012,713.23999,702.51001,706.460022,706.460022,1949800
2/23/2016,701.450012,708.400024,693.580017,695.849976,695.849976,2009300
2/24/2016,688.919983,700,680.780029,699.559998,699.559998,1963600
2/25/2016,700.01001,705.97998,690.585022,705.75,705.75,1642200
2/26/2016,708.580017,713.429993,700.859985,705.070007,705.070007,2243500
2/29/2016,700.320007,710.890015,697.679993,697.77002,697.77002,2481100
3/1/2016,703.619995,718.809998,699.77002,718.809998,718.809998,2151400
3/2/2016,719,720,712,718.849976,718.849976,1629000
3/3/2016,718.679993,719.450012,706.02002,712.419983,712.419983,1958000
3/4/2016,714.98999,716.48999,706.02002,710.890015,710.890015,1972100
3/7/2016,706.900024,708.091003,686.900024,695.159973,695.159973,2985100
3/8/2016,688.590027,703.789978,685.340027,693.969971,693.969971,2076300
3/9/2016,698.469971,705.679993,694,705.23999,705.23999,1421500
3/10/2016,708.119995,716.440002,703.359985,712.820007,712.820007,2833500
3/11/2016,720,726.919983,717.125,726.820007,726.820007,1970800
3/14/2016,726.809998,735.5,725.150024,730.48999,730.48999,1718300
3/15/2016,726.919983,732.289978,724.77002,728.330017,728.330017,1721000
3/16/2016,726.369995,737.469971,724.51001,736.090027,736.090027,1624400
3/17/2016,736.450012,743.070007,736,737.780029,737.780029,1860800
3/18/2016,741.859985,742,731.830017,737.599976,737.599976,2980700
3/21/2016,736.5,742.5,733.515991,742.090027,742.090027,1836500
3/22/2016,737.460022,745,737.460022,740.75,740.75,1269700
3/23/2016,742.359985,745.719971,736.150024,738.059998,738.059998,1432100
3/24/2016,732.01001,737.747009,731,735.299988,735.299988,1594900
3/28/2016,736.789978,738.98999,732.5,733.530029,733.530029,1301300
3/29/2016,734.590027,747.25,728.76001,744.77002,744.77002,1903800
3/30/2016,750.099976,757.880005,748.73999,750.530029,750.530029,1782400
3/31/2016,749.25,750.849976,740.940002,744.950012,744.950012,1718800
4/1/2016,738.599976,750.340027,737,749.909973,749.909973,1576700
4/4/2016,750.059998,752.799988,742.429993,745.289978,745.289978,1134200
4/5/2016,738,742.799988,735.369995,737.799988,737.799988,1132300
4/6/2016,735.77002,746.23999,735.559998,745.690002,745.690002,1053700
4/7/2016,745.369995,747,736.280029,740.280029,740.280029,1453200
4/8/2016,743.969971,745.450012,735.549988,739.150024,739.150024,1290800
4/11/2016,743.02002,745,736.049988,736.099976,736.099976,1220100
4/12/2016,738,743.830017,731.01001,743.090027,743.090027,1353000
4/13/2016,749.159973,754.380005,744.260986,751.719971,751.719971,1707100
4/14/2016,754.01001,757.309998,752.705017,753.200012,753.200012,1135300
4/15/2016,753.97998,761,752.69397,759,759,1809300
4/18/2016,760.460022,768.049988,757.299988,766.609985,766.609985,1558800
4/19/2016,769.51001,769.900024,749.330017,753.929993,753.929993,2030500
4/20/2016,758,758.132019,750.01001,752.669983,752.669983,1529200
4/21/2016,755.380005,760.450012,749.549988,759.140015,759.140015,3060500
4/22/2016,726.299988,736.119995,713.609985,718.77002,718.77002,5951900
4/25/2016,716.099976,723.929993,715.590027,723.150024,723.150024,1959200
4/26/2016,725.419983,725.765991,703.026001,708.140015,708.140015,2744600
4/27/2016,707.289978,708.97998,692.36499,705.840027,705.840027,3098600
4/28/2016,708.26001,714.169983,689.549988,691.02002,691.02002,2867300
4/29/2016,690.700012,697.619995,689,693.01001,693.01001,2487700
5/2/2016,697.630005,700.640015,691,698.210022,698.210022,1645300
5/3/2016,696.869995,697.840027,692,692.359985,692.359985,1543800
5/4/2016,690.48999,699.75,689.01001,695.700012,695.700012,1693500
5/5/2016,697.700012,702.320007,695.719971,701.429993,701.429993,1683500
5/6/2016,698.380005,711.859985,698.106995,711.119995,711.119995,1829300
5/9/2016,712,718.710022,710,712.900024,712.900024,1510300
5/10/2016,716.75,723.5,715.719971,723.179993,723.179993,1569600
5/11/2016,723.409973,724.47998,712.799988,715.289978,715.289978,1692100
5/12/2016,717.059998,719.25,709,713.309998,713.309998,1360700
5/13/2016,711.929993,716.661987,709.26001,710.830017,710.830017,1314500
5/16/2016,709.130005,718.47998,705.650024,716.48999,716.48999,1317100
5/17/2016,715.98999,721.52002,704.109985,706.22998,706.22998,2001200
5/18/2016,703.669983,711.599976,700.630005,706.630005,706.630005,1766800
5/19/2016,702.359985,706,696.799988,700.320007,700.320007,1670200
5/20/2016,701.619995,714.580017,700.52002,709.73999,709.73999,1828400
5/23/2016,706.530029,711.478027,704.179993,704.23999,704.23999,1330700
5/24/2016,706.859985,720.969971,706.859985,720.090027,720.090027,1929500
5/25/2016,720.76001,727.51001,719.705017,725.27002,725.27002,1629200
5/26/2016,722.869995,728.330017,720.280029,724.119995,724.119995,1576300
5/27/2016,724.01001,733.935974,724,732.659973,732.659973,1975000
5/31/2016,731.73999,739.72998,731.26001,735.719971,735.719971,2129500
6/1/2016,734.530029,737.210022,730.659973,734.150024,734.150024,1253600
6/2/2016,732.5,733.02002,724.169983,730.400024,730.400024,1341800
6/3/2016,729.27002,729.48999,720.559998,722.340027,722.340027,1226300
6/6/2016,724.909973,724.909973,714.609985,716.549988,716.549988,1565300
6/7/2016,719.840027,721.97998,716.549988,716.650024,716.650024,1336200
6/8/2016,723.960022,728.570007,720.580017,728.280029,728.280029,1583700
6/9/2016,722.869995,729.539978,722.335999,728.580017,728.580017,988900
6/10/2016,719.469971,725.890015,716.429993,719.409973,719.409973,1216400
6/13/2016,716.51001,725.440002,716.51001,718.359985,718.359985,1258900
6/14/2016,716.47998,722.469971,713.119995,718.27002,718.27002,1306100
6/15/2016,719,722.97998,717.309998,718.919983,718.919983,1214500
6/16/2016,714.909973,716.650024,703.26001,710.359985,710.359985,1982500
6/17/2016,708.650024,708.820007,688.452026,691.719971,691.719971,3402400
6/20/2016,698.77002,702.47998,693.409973,693.710022,693.710022,2082500
6/21/2016,698.400024,702.77002,692.01001,695.940002,695.940002,1465600
6/22/2016,699.059998,700.859985,693.08197,697.460022,697.460022,1184300
6/23/2016,697.450012,701.950012,687,701.869995,701.869995,2171400
6/24/2016,675.169983,689.400024,673.450012,675.219971,675.219971,4449000
6/27/2016,671,672.299988,663.283997,668.26001,668.26001,2629000
6/28/2016,678.969971,680.330017,673,680.039978,680.039978,2173800
6/29/2016,683,687.429016,681.409973,684.109985,684.109985,1932600
6/30/2016,685.469971,692.320007,683.650024,692.099976,692.099976,1597700
7/1/2016,692.200012,700.650024,692.130005,699.210022,699.210022,1344700
7/5/2016,696.059998,696.940002,688.880005,694.950012,694.950012,1462600
7/6/2016,689.97998,701.679993,689.090027,697.77002,697.77002,1411900
7/7/2016,698.080017,698.200012,688.215027,695.359985,695.359985,1304200
7/8/2016,699.5,705.710022,696.434998,705.630005,705.630005,1575200
7/11/2016,708.049988,716.51001,707.23999,715.090027,715.090027,1111800
7/12/2016,719.119995,722.940002,715.909973,720.640015,720.640015,1336900
7/13/2016,723.619995,724,716.849976,716.97998,716.97998,935900
7/14/2016,721.580017,722.210022,718.030029,720.950012,720.950012,950200
7/15/2016,725.72998,725.73999,719.054993,719.849976,719.849976,1279300
7/18/2016,722.710022,736.130005,721.190002,733.780029,733.780029,1295500
7/19/2016,729.890015,736.98999,729,736.960022,736.960022,1227500
7/20/2016,737.330017,742.130005,737.099976,741.190002,741.190002,1289700
7/21/2016,740.359985,741.690002,735.830994,738.630005,738.630005,1026300
7/22/2016,741.859985,743.23999,736.559998,742.73999,742.73999,1259800
7/25/2016,740.669983,742.609985,737.5,739.77002,739.77002,1032400
7/26/2016,739.039978,741.690002,734.27002,738.419983,738.419983,1186700
7/27/2016,738.280029,744.460022,737,741.77002,741.77002,1512500
7/28/2016,747.039978,748.650024,739.299988,745.909973,745.909973,3530200
7/29/2016,772.710022,778.549988,766.77002,768.789978,768.789978,3841500
8/1/2016,761.090027,780.429993,761.090027,772.880005,772.880005,2700500
8/2/2016,768.690002,775.840027,767.849976,771.070007,771.070007,1784500
8/3/2016,767.179993,773.210022,766.820007,773.179993,773.179993,1287400
8/4/2016,772.219971,774.070007,768.794983,771.609985,771.609985,1140300
8/5/2016,773.780029,783.039978,772.340027,782.219971,782.219971,1801200
8/8/2016,782,782.630005,778.091003,781.76001,781.76001,1107900
8/9/2016,781.099976,788.940002,780.570007,784.26001,784.26001,1318900
8/10/2016,783.75,786.812012,782.778015,784.679993,784.679993,786400
8/11/2016,785,789.75,782.969971,784.849976,784.849976,975100
8/12/2016,781.5,783.39502,780.400024,783.219971,783.219971,740500
8/15/2016,783.75,787.48999,780.109985,782.440002,782.440002,938200
8/16/2016,780.299988,780.97998,773.44397,777.140015,777.140015,1028000
8/17/2016,777.320007,780.809998,773.530029,779.909973,779.909973,924200
8/18/2016,780.01001,782.859985,777,777.5,777.5,719400
8/19/2016,775,777.099976,773.130005,775.419983,775.419983,861500
8/22/2016,773.27002,774.539978,770.049988,772.150024,772.150024,951400
8/23/2016,775.47998,776.440002,771.784973,772.080017,772.080017,928200
8/24/2016,770.580017,774.5,767.070007,769.640015,769.640015,1072000
8/25/2016,767,771.890015,763.184998,769.409973,769.409973,926900
8/26/2016,769,776.080017,765.849976,769.539978,769.539978,1166700
8/29/2016,768.73999,774.98999,766.61499,772.150024,772.150024,847600
8/30/2016,769.330017,774.466003,766.840027,769.090027,769.090027,1130000
8/31/2016,767.01001,769.090027,765.380005,767.049988,767.049988,1248600
9/1/2016,769.25,771.02002,764.299988,768.780029,768.780029,925100
9/2/2016,773.01001,773.919983,768.409973,771.460022,771.460022,1072700
9/6/2016,773.450012,782,771,780.080017,780.080017,1442800
9/7/2016,780,782.72998,776.200012,780.349976,780.349976,893700
9/8/2016,778.590027,780.349976,773.580017,775.320007,775.320007,1270300
9/9/2016,770.099976,773.244995,759.659973,759.659973,759.659973,1885500
9/12/2016,755.130005,770.289978,754,769.02002,769.02002,1311000
9/13/2016,764.47998,766.219971,755.799988,759.690002,759.690002,1395000
9/14/2016,759.609985,767.679993,759.109985,762.48999,762.48999,1087400
9/15/2016,762.890015,773.799988,759.960022,771.76001,771.76001,1305100
9/16/2016,769.75,769.75,764.659973,768.880005,768.880005,2049300
9/19/2016,772.419983,774,764.440979,765.700012,765.700012,1172800
9/20/2016,769,773.330017,768.530029,771.409973,771.409973,978600
9/21/2016,772.659973,777.159973,768.301025,776.219971,776.219971,1167800
9/22/2016,780,789.849976,778.440002,787.210022,787.210022,1486200
9/23/2016,786.590027,788.929993,784.150024,786.900024,786.900024,1411900
9/26/2016,782.73999,782.73999,773.070007,774.210022,774.210022,1533200
9/27/2016,775.5,785.98999,774.307983,783.01001,783.01001,1153200
9/28/2016,777.849976,781.809998,774.969971,781.559998,781.559998,1109800
9/29/2016,781.440002,785.799988,774.231995,775.01001,775.01001,1314700
9/30/2016,776.330017,780.940002,774.090027,777.289978,777.289978,1585300
10/3/2016,774.25,776.065002,769.5,772.559998,772.559998,1278800
10/4/2016,776.030029,778.710022,772.890015,776.429993,776.429993,1201400
10/5/2016,779.309998,782.070007,775.650024,776.469971,776.469971,1461200
10/6/2016,779,780.47998,775.539978,776.859985,776.859985,1070700
10/7/2016,779.659973,779.659973,770.75,775.080017,775.080017,933200
10/10/2016,777.710022,789.380005,775.869995,785.940002,785.940002,1174900
10/11/2016,786.659973,792.280029,780.580017,783.070007,783.070007,1372500
10/12/2016,783.76001,788.130005,782.059998,786.140015,786.140015,937400
10/13/2016,781.219971,781.219971,773,778.190002,778.190002,1365300
10/14/2016,781.650024,783.950012,776,778.530029,778.530029,852500
10/17/2016,779.799988,785.849976,777.5,779.960022,779.960022,1093000
10/18/2016,787.849976,801.609985,785.565002,795.26001,795.26001,2056900
10/19/2016,798.23999,804.599976,798.030029,801.5,801.5,1766800
10/20/2016,803.299988,803.969971,796.030029,796.969971,796.969971,1757500
10/21/2016,795,799.5,794,799.369995,799.369995,1266200
10/24/2016,804.900024,815.179993,804.820007,813.109985,813.109985,1697500
10/25/2016,816.679993,816.679993,805.140015,807.669983,807.669983,1576400
10/26/2016,806.340027,806.97998,796.320007,799.070007,799.070007,1647700
10/27/2016,801,803.48999,791.5,795.349976,795.349976,2749200
10/28/2016,808.349976,815.48999,793.590027,795.369995,795.369995,4269900
10/31/2016,795.469971,796.859985,784,784.539978,784.539978,2427300
11/1/2016,782.890015,789.48999,775.539978,783.609985,783.609985,2406400
11/2/2016,778.200012,781.650024,763.450012,768.700012,768.700012,1872400
11/3/2016,767.25,769.950012,759.030029,762.130005,762.130005,1943200
11/4/2016,750.659973,770.359985,750.560974,762.02002,762.02002,2134800
11/7/2016,774.5,785.190002,772.549988,782.52002,782.52002,1585100
11/8/2016,783.400024,795.632996,780.190002,790.51001,790.51001,1366900
11/9/2016,779.940002,791.22699,771.669983,785.309998,785.309998,2607100
11/10/2016,791.169983,791.169983,752.179993,762.559998,762.559998,4745200
11/11/2016,756.539978,760.780029,750.380005,754.02002,754.02002,2431800
11/14/2016,755.599976,757.849976,727.539978,736.080017,736.080017,3654400
11/15/2016,746.969971,764.416016,746.969971,758.48999,758.48999,2384000
11/16/2016,755.200012,766.359985,750.51001,764.47998,764.47998,1472600
11/17/2016,766.919983,772.700012,764.22998,771.22998,771.22998,1304000
11/18/2016,771.369995,775,760,760.539978,760.539978,1547100
11/21/2016,762.609985,769.700012,760.599976,769.200012,769.200012,1330600
11/22/2016,772.630005,776.960022,767,768.27002,768.27002,1593100
11/23/2016,767.72998,768.28302,755.25,760.98999,760.98999,1478400
11/25/2016,764.26001,765,760.52002,761.679993,761.679993,587400
11/28/2016,760,779.530029,759.799988,768.23999,768.23999,2188200
11/29/2016,771.530029,778.5,768.23999,770.840027,770.840027,1616600
11/30/2016,770.070007,772.98999,754.830017,758.039978,758.039978,2392900
12/1/2016,757.440002,759.849976,737.025024,747.919983,747.919983,3017900
12/2/2016,744.590027,754,743.099976,750.5,750.5,1452500
12/5/2016,757.710022,763.900024,752.900024,762.52002,762.52002,1394200
12/6/2016,764.72998,768.830017,757.340027,759.109985,759.109985,1690700
12/7/2016,761,771.359985,755.799988,771.190002,771.190002,1761000
12/8/2016,772.47998,778.179993,767.22998,776.419983,776.419983,1488100
12/9/2016,780,789.429993,779.020996,789.289978,789.289978,1821900
12/12/2016,785.039978,791.25,784.35498,789.27002,789.27002,2104100
12/13/2016,793.900024,804.380005,793.340027,796.099976,796.099976,2145200
12/14/2016,797.400024,804,794.01001,797.070007,797.070007,1704200
12/15/2016,797.340027,803,792.919983,797.849976,797.849976,1626500
12/16/2016,800.400024,800.856018,790.289978,790.799988,790.799988,2443800
12/19/2016,790.219971,797.659973,786.27002,794.200012,794.200012,1232100
12/20/2016,796.76001,798.650024,793.27002,796.419983,796.419983,951000
12/21/2016,795.840027,796.676025,787.099976,794.559998,794.559998,1211300
12/22/2016,792.359985,793.320007,788.580017,791.26001,791.26001,972200
12/23/2016,790.900024,792.73999,787.280029,789.909973,789.909973,623400
12/27/2016,790.679993,797.859985,787.656982,791.549988,791.549988,789100
12/28/2016,793.700012,794.22998,783.200012,785.049988,785.049988,1153800
12/29/2016,783.330017,785.929993,778.919983,782.789978,782.789978,744300
12/30/2016,782.75,782.780029,770.409973,771.820007,771.820007,1770000
1/3/2017,778.809998,789.630005,775.799988,786.140015,786.140015,1657300
1/4/2017,788.359985,791.340027,783.159973,786.900024,786.900024,1073000
1/5/2017,786.080017,794.47998,785.02002,794.02002,794.02002,1335200
1/6/2017,795.26001,807.900024,792.203979,806.150024,806.150024,1640200
1/9/2017,806.400024,809.966003,802.830017,806.650024,806.650024,1274600
1/10/2017,807.859985,809.130005,803.51001,804.789978,804.789978,1176800
1/11/2017,805,808.150024,801.369995,807.909973,807.909973,1065900
1/12/2017,807.140015,807.390015,799.169983,806.359985,806.359985,1353100
1/13/2017,807.47998,811.223999,806.690002,807.880005,807.880005,1099200
1/17/2017,807.080017,807.140015,800.369995,804.609985,804.609985,1362100
1/18/2017,805.809998,806.205017,800.98999,806.070007,806.070007,1294400
1/19/2017,805.119995,809.47998,801.799988,802.174988,802.174988,919300
1/20/2017,806.909973,806.909973,801.690002,805.02002,805.02002,1670000
1/23/2017,807.25,820.869995,803.73999,819.309998,819.309998,1963600
1/24/2017,822.299988,825.900024,817.820984,823.869995,823.869995,1474000
1/25/2017,829.619995,835.77002,825.059998,835.669983,835.669983,1494500
1/26/2017,837.809998,838,827.01001,832.150024,832.150024,2973900
1/27/2017,834.710022,841.950012,820.440002,823.309998,823.309998,2965800
1/30/2017,814.659973,815.840027,799.799988,802.320007,802.320007,3246600
1/31/2017,796.859985,801.25,790.52002,796.789978,796.789978,2160600
2/1/2017,799.679993,801.190002,791.190002,795.695007,795.695007,2029700
2/2/2017,793.799988,802.700012,792,798.530029,798.530029,1532100
2/3/2017,802.98999,806,800.369995,801.48999,801.48999,1463400
2/6/2017,799.700012,801.669983,795.25,801.340027,801.340027,1184500
2/7/2017,803.98999,810.5,801.780029,806.969971,806.969971,1241200
2/8/2017,807,811.840027,803.190002,808.380005,808.380005,1155300
2/9/2017,809.51001,810.659973,804.539978,809.559998,809.559998,989700
2/10/2017,811.700012,815.25,809.780029,813.669983,813.669983,1135000
2/13/2017,816,820.958984,815.48999,819.23999,819.23999,1213300
2/14/2017,819,823,816,820.450012,820.450012,1054700
2/15/2017,819.359985,823,818.469971,818.97998,818.97998,1313600
2/16/2017,819.929993,824.400024,818.97998,824.159973,824.159973,1287600
2/17/2017,823.02002,828.070007,821.655029,828.070007,828.070007,1611000
2/21/2017,828.659973,833.450012,828.349976,831.659973,831.659973,1262300
2/22/2017,828.659973,833.25,828.640015,830.76001,830.76001,982900
2/23/2017,830.119995,832.460022,822.880005,831.330017,831.330017,1472800
2/24/2017,827.72998,829,824.200012,828.640015,828.640015,1392200
2/27/2017,824.549988,830.5,824,829.280029,829.280029,1101500
2/28/2017,825.609985,828.539978,820.200012,823.210022,823.210022,2260800
3/1/2017,828.849976,836.255005,827.26001,835.23999,835.23999,1496500
3/2/2017,833.849976,834.51001,829.640015,830.630005,830.630005,942500
3/3/2017,830.559998,831.359985,825.750977,829.080017,829.080017,896400
3/6/2017,826.950012,828.880005,822.400024,827.780029,827.780029,1109000
3/7/2017,827.400024,833.409973,826.52002,831.909973,831.909973,1037600
3/8/2017,833.51001,838.150024,831.789978,835.369995,835.369995,989800
3/9/2017,836,842,834.210022,838.679993,838.679993,1261500
3/10/2017,843.280029,844.909973,839.5,843.25,843.25,1704000
3/13/2017,844,848.684998,843.25,845.539978,845.539978,1223600
3/14/2017,843.640015,847.23999,840.799988,845.619995,845.619995,779900
3/15/2017,847.590027,848.630005,840.77002,847.200012,847.200012,1381500
3/16/2017,849.030029,850.849976,846.130005,848.780029,848.780029,977600
3/17/2017,851.609985,853.400024,847.109985,852.119995,852.119995,1712300
3/20/2017,850.01001,850.219971,845.150024,848.400024,848.400024,1231500
3/21/2017,851.400024,853.5,829.02002,830.460022,830.460022,2463500
3/22/2017,831.909973,835.549988,827.179993,829.590027,829.590027,1401500
3/23/2017,821,822.570007,812.257019,817.580017,817.580017,3487100
3/24/2017,820.080017,821.929993,808.890015,814.429993,814.429993,1981000
3/27/2017,806.950012,821.630005,803.369995,819.51001,819.51001,1894300
3/28/2017,820.409973,825.98999,814.026978,820.919983,820.919983,1620500
3/29/2017,825,832.765015,822.380005,831.409973,831.409973,1786300
3/30/2017,833.5,833.679993,829,831.5,831.5,1055300
3/31/2017,828.969971,831.640015,827.390015,829.559998,829.559998,1401900
4/3/2017,829.219971,840.849976,829.219971,838.549988,838.549988,1671500
4/4/2017,831.359985,835.179993,829.036011,834.570007,834.570007,1045400
4/5/2017,835.51001,842.450012,830.719971,831.409973,831.409973,1555300
4/6/2017,832.400024,836.390015,826.460022,827.880005,827.880005,1254400
4/7/2017,827.960022,828.484985,820.513,824.669983,824.669983,1057300
4/10/2017,825.390015,829.349976,823.77002,824.72998,824.72998,978900
4/11/2017,824.710022,827.427002,817.02002,823.349976,823.349976,1079700
4/12/2017,821.929993,826.659973,821.02002,824.320007,824.320007,900500
4/13/2017,822.140015,826.380005,821.440002,823.559998,823.559998,1122400
4/17/2017,825.01001,837.75,824.469971,837.169983,837.169983,895000
4/18/2017,834.219971,838.929993,832.710022,836.820007,836.820007,836700
4/19/2017,839.789978,842.219971,836.289978,838.210022,838.210022,954200
4/20/2017,841.440002,845.200012,839.320007,841.650024,841.650024,959000
4/21/2017,842.880005,843.880005,840.599976,843.190002,843.190002,1323600
4/24/2017,851.200012,863.450012,849.859985,862.76001,862.76001,1372500
4/25/2017,865,875,862.809998,872.299988,872.299988,1672000
4/26/2017,874.22998,876.049988,867.747986,871.72998,871.72998,1237200
4/27/2017,873.599976,875.400024,870.380005,874.25,874.25,2026800
4/28/2017,910.659973,916.849976,905.77002,905.960022,905.960022,3276300
5/1/2017,901.940002,915.679993,901.450012,912.570007,912.570007,2116000
5/2/2017,909.619995,920.77002,909.453003,916.440002,916.440002,1587200
5/3/2017,914.859985,928.099976,912.54303,927.039978,927.039978,1499500
5/4/2017,926.070007,935.929993,924.590027,931.659973,931.659973,1422100
5/5/2017,933.539978,934.900024,925.200012,927.130005,927.130005,1911300
5/8/2017,926.119995,936.924988,925.26001,934.299988,934.299988,1329800
5/9/2017,936.950012,937.5,929.530029,932.169983,932.169983,1581800
5/10/2017,931.97998,932,925.159973,928.780029,928.780029,1173900
5/11/2017,925.320007,932.530029,923.030029,930.599976,930.599976,835000
5/12/2017,931.530029,933.440002,927.849976,932.219971,932.219971,1050600
5/15/2017,932.950012,938.25,929.340027,937.080017,937.080017,1108100
5/16/2017,940,943.109985,937.580017,943,943,969500
5/17/2017,935.669983,939.333008,918.140015,919.619995,919.619995,2362100
5/18/2017,921,933.169983,918.75,930.23999,930.23999,1596900
5/19/2017,931.469971,937.755005,931,934.01001,934.01001,1393000
5/22/2017,935,941.882996,935,941.859985,941.859985,1120400
5/23/2017,947.919983,951.46698,942.575012,948.820007,948.820007,1270800
5/24/2017,952.97998,955.090027,949.5,954.960022,954.960022,1024800
5/25/2017,957.330017,972.629028,955.469971,969.539978,969.539978,1660500
5/26/2017,969.700012,974.97998,965.030029,971.469971,971.469971,1252000
5/30/2017,970.309998,976.200012,969.48999,975.880005,975.880005,1466700
5/31/2017,975.02002,979.27002,960.179993,964.859985,964.859985,2448100
6/1/2017,968.950012,971.5,960.01001,966.950012,966.950012,1410500
6/2/2017,969.460022,975.880005,966,975.599976,975.599976,1751000
6/5/2017,976.549988,986.909973,975.099976,983.679993,983.679993,1252100
6/6/2017,983.159973,988.25,975.140015,976.570007,976.570007,1814600
6/7/2017,980,983.97998,975.940002,980.940002,980.940002,1453900
6/8/2017,982.349976,984.570007,977.200012,983.409973,983.409973,1481900
6/9/2017,984.5,984.5,935.630005,949.830017,949.830017,3309400
6/12/2017,939.559998,949.35498,915.232971,942.900024,942.900024,3763500
6/13/2017,951.909973,959.97998,944.090027,953.400024,953.400024,2013300
6/14/2017,959.919983,961.150024,942.25,950.76001,950.76001,1489700
6/15/2017,933.969971,943.338989,924.440002,942.309998,942.309998,2133100
6/16/2017,940,942.039978,931.594971,939.780029,939.780029,3094700
6/19/2017,949.960022,959.98999,949.049988,957.369995,957.369995,1533300
6/20/2017,957.52002,961.619995,950.01001,950.630005,950.630005,1126000
6/21/2017,953.640015,960.099976,950.76001,959.450012,959.450012,1202200
6/22/2017,958.700012,960.719971,954.549988,957.090027,957.090027,941400
6/23/2017,956.830017,966,954.200012,965.590027,965.590027,1527900
6/26/2017,969.900024,973.309998,950.789978,952.27002,952.27002,1598400
6/27/2017,942.460022,948.289978,926.849976,927.330017,927.330017,2579900
6/28/2017,929,942.75,916,940.48999,940.48999,2721400
6/29/2017,929.919983,931.26001,910.619995,917.789978,917.789978,3299200
6/30/2017,926.049988,926.049988,908.309998,908.72998,908.72998,2090200
7/3/2017,912.179993,913.940002,894.789978,898.700012,898.700012,1709800
7/5/2017,901.76001,914.51001,898.5,911.710022,911.710022,1813900
7/6/2017,904.119995,914.94397,899.700012,906.690002,906.690002,1424500
7/7/2017,908.849976,921.539978,908.849976,918.590027,918.590027,1637800
7/10/2017,921.77002,930.380005,919.590027,928.799988,928.799988,1192800
7/11/2017,929.539978,931.429993,922,930.090027,930.090027,1113200
7/12/2017,938.679993,946.299988,934.469971,943.830017,943.830017,1532100
7/13/2017,946.289978,954.450012,943.01001,947.159973,947.159973,1294700
7/14/2017,952,956.909973,948.005005,955.98999,955.98999,1053800
7/17/2017,957,960.73999,949.241028,953.419983,953.419983,1165500
7/18/2017,953,968.039978,950.599976,965.400024,965.400024,1154000
7/19/2017,967.840027,973.039978,964.030029,970.890015,970.890015,1224500
7/20/2017,975,975.900024,961.51001,968.150024,968.150024,1624500
7/21/2017,962.25,973.22998,960.150024,972.919983,972.919983,1711000
7/24/2017,972.219971,986.200012,970.77002,980.340027,980.340027,3248300
7/25/2017,953.809998,959.700012,945.400024,950.700012,950.700012,4661000
7/26/2017,954.679993,955,942.278992,947.799988,947.799988,2088300
7/27/2017,951.780029,951.780029,920,934.090027,934.090027,3213000
7/28/2017,929.400024,943.830017,927.5,941.530029,941.530029,1846400
7/31/2017,941.890015,943.590027,926.039978,930.5,930.5,1970100
8/1/2017,932.380005,937.447021,929.26001,930.830017,930.830017,1277700
8/2/2017,928.609985,932.599976,916.679993,930.390015,930.390015,1824400
8/3/2017,930.340027,932.23999,922.23999,923.650024,923.650024,1202500
8/4/2017,926.75,930.307007,923.030029,927.960022,927.960022,1082300
8/7/2017,929.059998,931.700012,926.5,929.359985,929.359985,1032200
8/8/2017,927.090027,935.814026,925.609985,926.789978,926.789978,1061600
8/9/2017,920.609985,925.97998,917.25,922.900024,922.900024,1192100
8/10/2017,917.549988,919.26001,906.130005,907.23999,907.23999,1824000
8/11/2017,907.969971,917.780029,905.580017,914.390015,914.390015,1206800
8/14/2017,922.530029,924.66803,918.190002,922.669983,922.669983,1064500
8/15/2017,924.22998,926.549988,919.820007,922.219971,922.219971,883400
8/16/2017,925.289978,932.700012,923.445007,926.960022,926.960022,1006700
8/17/2017,925.780029,926.859985,910.97998,910.97998,910.97998,1277200
8/18/2017,910.309998,915.275024,907.153992,910.669983,910.669983,1342700
8/21/2017,910,913,903.400024,906.659973,906.659973,943400
8/22/2017,912.719971,925.859985,911.474976,924.690002,924.690002,1166700
8/23/2017,921.929993,929.929993,919.359985,927,927,1090200
8/24/2017,928.659973,930.840027,915.5,921.280029,921.280029,1270300
8/25/2017,923.48999,925.554993,915.5,915.890015,915.890015,1053400
8/28/2017,916,919.244995,911.869995,913.809998,913.809998,1086500
8/29/2017,905.099976,923.330017,905,921.289978,921.289978,1185600
8/30/2017,920.049988,930.81897,919.650024,929.570007,929.570007,1301200
8/31/2017,931.76001,941.97998,931.76001,939.330017,939.330017,1582600
9/1/2017,941.130005,942.47998,935.150024,937.340027,937.340027,947400
9/5/2017,933.080017,937,921.960022,928.450012,928.450012,1326400
9/6/2017,930.150024,930.914978,919.27002,927.809998,927.809998,1527700
9/7/2017,931.72998,936.409973,923.619995,935.950012,935.950012,1212700
9/8/2017,936.48999,936.98999,924.880005,926.5,926.5,1011500
9/11/2017,934.25,938.380005,926.919983,929.080017,929.080017,1267000
9/12/2017,932.590027,933.47998,923.861023,932.070007,932.070007,1134400
9/13/2017,930.659973,937.25,929.859985,935.090027,935.090027,1102600
9/14/2017,931.25,932.77002,924,925.109985,925.109985,1397600
9/15/2017,924.659973,926.48999,916.359985,920.289978,920.289978,2505400
9/18/2017,920.01001,922.080017,910.599976,915,915,1306900
9/19/2017,917.419983,922.419983,912.549988,921.809998,921.809998,936700
9/20/2017,922.97998,933.880005,922,931.580017,931.580017,1669800
9/21/2017,933,936.530029,923.830017,932.450012,932.450012,1290600
9/22/2017,927.75,934.72998,926.47998,928.530029,928.530029,1052700
9/25/2017,925.450012,926.400024,909.700012,920.969971,920.969971,1856800
9/26/2017,923.719971,930.820007,921.140015,924.859985,924.859985,1666900
9/27/2017,927.73999,949.900024,927.73999,944.48999,944.48999,2239400
9/28/2017,941.359985,950.690002,940.549988,949.5,949.5,1020300
9/29/2017,952,959.786011,951.51001,959.109985,959.109985,1581000
10/2/2017,959.97998,962.539978,947.840027,953.27002,953.27002,1283400
10/3/2017,954,958,949.140015,957.789978,957.789978,888300
10/4/2017,957,960.390015,950.690002,951.679993,951.679993,952400
10/5/2017,955.48999,970.909973,955.179993,969.960022,969.960022,1213800
10/6/2017,966.700012,979.460022,963.359985,978.890015,978.890015,1173900
10/9/2017,980,985.424988,976.109985,977,977,891400
10/10/2017,980,981.570007,966.080017,972.599976,972.599976,968400
10/11/2017,973.719971,990.710022,972.25,989.25,989.25,1693300
10/12/2017,987.450012,994.119995,985,987.830017,987.830017,1262400
10/13/2017,992,997.210022,989,989.679993,989.679993,1169800
10/16/2017,992.099976,993.906982,984,992,992,910500
10/17/2017,990.289978,996.440002,988.590027,992.179993,992.179993,1290200
10/18/2017,991.77002,996.719971,986.974976,992.809998,992.809998,1057600
10/19/2017,986,988.880005,978.390015,984.450012,984.450012,1313600
10/20/2017,989.440002,991,984.580017,988.200012,988.200012,1183200
10/23/2017,989.52002,989.52002,966.119995,968.450012,968.450012,1478400
10/24/2017,970,972.22998,961,970.539978,970.539978,1212200
10/25/2017,968.369995,976.090027,960.52002,973.330017,973.330017,1211300
10/26/2017,980,987.599976,972.200012,972.559998,972.559998,2042100
10/27/2017,1009.190002,1048.390015,1008.200012,1019.27002,1019.27002,5167700
10/30/2017,1014,1024.969971,1007.5,1017.109985,1017.109985,2085100
10/31/2017,1015.219971,1024,1010.419983,1016.640015,1016.640015,1330700
11/1/2017,1017.210022,1029.670044,1016.950012,1025.5,1025.5,1373400
11/2/2017,1021.76001,1028.089966,1013.01001,1025.579956,1025.579956,1049000
11/3/2017,1022.109985,1032.650024,1020.309998,1032.47998,1032.47998,1076400
11/6/2017,1028.98999,1034.869995,1025,1025.900024,1025.900024,1125200
11/7/2017,1027.27002,1033.969971,1025.130005,1033.329956,1033.329956,1112300
11/8/2017,1030.52002,1043.521973,1028.449951,1039.849976,1039.849976,1088700
11/9/2017,1033.98999,1033.98999,1019.666016,1031.26001,1031.26001,1245200
11/10/2017,1026.459961,1030.76001,1025.280029,1028.069946,1028.069946,720000
11/13/2017,1023.419983,1031.579956,1022.570007,1025.75,1025.75,885800
11/14/2017,1022.590027,1026.810059,1014.150024,1026,1026,959200
11/15/2017,1019.210022,1024.089966,1015.419983,1020.909973,1020.909973,854000
11/16/2017,1022.52002,1035.920044,1022.52002,1032.5,1032.5,1129700
11/17/2017,1034.01001,1034.420044,1017.75,1019.090027,1019.090027,1397100
11/20/2017,1020.26001,1022.609985,1017.5,1018.380005,1018.380005,953500
11/21/2017,1023.309998,1035.109985,1022.655029,1034.48999,1034.48999,1097000
11/22/2017,1035,1039.706055,1031.430054,1035.959961,1035.959961,746300
11/24/2017,1035.869995,1043.177979,1035,1040.609985,1040.609985,537000
11/27/2017,1040,1055.459961,1038.439941,1054.209961,1054.209961,1307900
11/28/2017,1055.089966,1062.375,1040,1047.410034,1047.410034,1424400
11/29/2017,1042.680054,1044.079956,1015.650024,1021.659973,1021.659973,2459400
11/30/2017,1022.369995,1028.48999,1015,1021.409973,1021.409973,1724000
12/1/2017,1015.799988,1022.48999,1002.02002,1010.169983,1010.169983,1909600
12/4/2017,1012.659973,1016.099976,995.570007,998.679993,998.679993,1906400
12/5/2017,995.940002,1020.609985,988.280029,1005.150024,1005.150024,2067300
12/6/2017,1001.5,1024.969971,1001.140015,1018.380005,1018.380005,1272000
12/7/2017,1020.429993,1034.23999,1018.070984,1030.930054,1030.930054,1458200
12/8/2017,1037.48999,1042.050049,1032.521973,1037.050049,1037.050049,1290800
12/11/2017,1035.5,1043.800049,1032.050049,1041.099976,1041.099976,1192800
12/12/2017,1039.630005,1050.310059,1033.689941,1040.47998,1040.47998,1279500
12/13/2017,1046.119995,1046.665039,1038.380005,1040.609985,1040.609985,1282700
12/14/2017,1045,1058.5,1043.109985,1049.150024,1049.150024,1558700
12/15/2017,1054.609985,1067.619995,1049.5,1064.189941,1064.189941,3275900
12/18/2017,1066.079956,1078.48999,1062,1077.140015,1077.140015,1554600
12/19/2017,1075.199951,1076.839966,1063.550049,1070.680054,1070.680054,1338700
12/20/2017,1071.780029,1073.380005,1061.52002,1064.949951,1064.949951,1268600
12/21/2017,1064.949951,1069.329956,1061.793945,1063.630005,1063.630005,995700
12/22/2017,1061.109985,1064.199951,1059.439941,1060.119995,1060.119995,755100
12/26/2017,1058.069946,1060.119995,1050.199951,1056.73999,1056.73999,760600
12/27/2017,1057.390015,1058.369995,1048.050049,1049.369995,1049.369995,1271900
12/28/2017,1051.599976,1054.75,1044.77002,1048.140015,1048.140015,837100
12/29/2017,1046.719971,1049.699951,1044.900024,1046.400024,1046.400024,887500
1/2/2018,1048.339966,1066.939941,1045.22998,1065,1065,1237600
1/3/2018,1064.310059,1086.290039,1063.209961,1082.47998,1082.47998,1430200
1/4/2018,1088,1093.569946,1084.001953,1086.400024,1086.400024,1004600
1/5/2018,1094,1104.25,1092,1102.22998,1102.22998,1279100
1/8/2018,1102.22998,1111.27002,1101.619995,1106.939941,1106.939941,1047600
1/9/2018,1109.400024,1110.569946,1101.230957,1106.26001,1106.26001,902500
1/10/2018,1097.099976,1104.599976,1096.109985,1102.609985,1102.609985,1042800
1/11/2018,1106.300049,1106.525024,1099.589966,1105.52002,1105.52002,978300
1/12/2018,1102.410034,1124.290039,1101.150024,1122.26001,1122.26001,1720500
1/16/2018,1132.51001,1139.910034,1117.832031,1121.76001,1121.76001,1575300
1/17/2018,1126.219971,1132.599976,1117.01001,1131.97998,1131.97998,1202600
1/18/2018,1131.410034,1132.51001,1117.5,1129.790039,1129.790039,1198200
1/19/2018,1131.829956,1137.859985,1128.300049,1137.51001,1137.51001,1778200
1/22/2018,1137.48999,1159.880005,1135.109985,1155.810059,1155.810059,1618000
1/23/2018,1159.849976,1171.626953,1158.75,1169.969971,1169.969971,1333100
1/24/2018,1177.329956,1179.859985,1161.050049,1164.23999,1164.23999,1416600
1/25/2018,1172.530029,1175.939941,1162.76001,1170.369995,1170.369995,1480500
1/26/2018,1175.079956,1175.839966,1158.109985,1175.839966,1175.839966,2018800
1/29/2018,1176.47998,1186.890015,1171.97998,1175.579956,1175.579956,1378900
1/30/2018,1167.829956,1176.52002,1163.52002,1163.689941,1163.689941,1556300
1/31/2018,1170.569946,1173,1159.130005,1169.939941,1169.939941,1538700
2/1/2018,1162.609985,1174,1157.52002,1167.699951,1167.699951,2412100
2/2/2018,1122,1123.069946,1107.277954,1111.900024,1111.900024,4857900
2/5/2018,1090.599976,1110,1052.030029,1055.800049,1055.800049,3798300
2/6/2018,1027.180054,1081.709961,1023.137024,1080.599976,1080.599976,3448000
2/7/2018,1081.540039,1081.780029,1048.26001,1048.579956,1048.579956,2369200
2/8/2018,1055.410034,1058.619995,1000.659973,1001.52002,1001.52002,2859100
2/9/2018,1017.25,1043.969971,992.559998,1037.780029,1037.780029,3505900
2/12/2018,1048,1061.5,1040.927979,1051.939941,1051.939941,2057700
2/13/2018,1045,1058.369995,1044.087036,1052.099976,1052.099976,1265100
2/14/2018,1048.949951,1071.719971,1046.75,1069.699951,1069.699951,1555800
2/15/2018,1079.069946,1091.479004,1064.339966,1089.52002,1089.52002,1843400
2/16/2018,1088.410034,1104.670044,1088.312988,1094.800049,1094.800049,1679500
2/20/2018,1090.569946,1113.949951,1088.52002,1102.459961,1102.459961,1423100
2/21/2018,1106.469971,1133.969971,1106.329956,1111.339966,1111.339966,1512900
2/22/2018,1116.189941,1122.819946,1102.589966,1106.630005,1106.630005,1317200
2/23/2018,1112.640015,1127.280029,1104.713989,1126.790039,1126.790039,1261000
2/26/2018,1127.800049,1143.959961,1126.694946,1143.75,1143.75,1559100
2/27/2018,1141.23999,1144.040039,1118,1118.290039,1118.290039,1774100
2/28/2018,1123.030029,1127.530029,1103.23999,1104.72998,1104.72998,1882600
3/1/2018,1107.869995,1110.119995,1067.000977,1069.52002,1069.52002,2515900
3/2/2018,1053.079956,1081.999023,1048.11499,1078.920044,1078.920044,2271600
3/5/2018,1075.140015,1097.099976,1069,1090.930054,1090.930054,1202200
3/6/2018,1099.219971,1101.849976,1089.775024,1095.060059,1095.060059,1532800
3/7/2018,1089.189941,1112.219971,1085.482056,1109.640015,1109.640015,1292500
3/8/2018,1115.319946,1127.599976,1112.800049,1126,1126,1355100
3/9/2018,1136,1160.800049,1132.46106,1160.040039,1160.040039,2128000
3/12/2018,1163.849976,1177.050049,1157.420044,1164.5,1164.5,2172300
3/13/2018,1170,1176.76001,1133.329956,1138.170044,1138.170044,1907200
3/14/2018,1145.209961,1158.589966,1141.439941,1149.48999,1149.48999,1291400
3/15/2018,1149.959961,1161.079956,1134.540039,1149.579956,1149.579956,1395400
3/16/2018,1154.140015,1155.880005,1131.959961,1135.72998,1135.72998,3092000
3/19/2018,1120.01001,1121.98999,1089.01001,1099.819946,1099.819946,2805900
3/20/2018,1099,1105.199951,1083.459961,1097.709961,1097.709961,1831900
3/21/2018,1092.73999,1106.300049,1085.150024,1090.880005,1090.880005,1878900
3/22/2018,1081.880005,1082.900024,1045.910034,1049.079956,1049.079956,2667000
3/23/2018,1047.030029,1063.359985,1021.219971,1021.570007,1021.570007,2156700
3/26/2018,1046,1055.630005,1008.400024,1053.209961,1053.209961,2665100
3/27/2018,1063,1064.838989,996.919983,1005.099976,1005.099976,3095300
3/28/2018,998,1024.22998,980.640015,1004.559998,1004.559998,3369300
3/29/2018,1011.630005,1043,1002.900024,1031.790039,1031.790039,2726800
4/2/2018,1022.820007,1034.800049,990.369995,1006.469971,1006.469971,2680400
4/3/2018,1013.909973,1020.98999,994.070007,1013.409973,1013.409973,2275100
4/4/2018,993.409973,1028.718018,993,1025.140015,1025.140015,2484700
4/5/2018,1041.329956,1042.790039,1020.130981,1027.810059,1027.810059,1363000
4/6/2018,1020,1031.420044,1003.030029,1007.039978,1007.039978,1746400
4/9/2018,1016.799988,1039.599976,1014.080017,1015.450012,1015.450012,1751600
4/10/2018,1026.439941,1036.280029,1011.340027,1031.640015,1031.640015,1974500
4/11/2018,1027.98999,1031.364014,1015.869995,1019.969971,1019.969971,1483900
4/12/2018,1025.040039,1040.689941,1021.434998,1032.51001,1032.51001,1357000
4/13/2018,1040.880005,1046.420044,1022.97998,1029.27002,1029.27002,1223000
4/16/2018,1037,1043.23999,1026.73999,1037.97998,1037.97998,1211200
4/17/2018,1051.369995,1077.880005,1048.26001,1074.160034,1074.160034,2320300
4/18/2018,1077.430054,1077.430054,1066.224976,1072.079956,1072.079956,1344100
4/19/2018,1069.400024,1094.165039,1068.180054,1087.699951,1087.699951,1747700
4/20/2018,1082,1092.349976,1069.569946,1072.959961,1072.959961,1889700
4/23/2018,1077.859985,1082.719971,1060.699951,1067.449951,1067.449951,2341300
4/24/2018,1052,1057,1010.590027,1019.97998,1019.97998,4760300
4/25/2018,1025.52002,1032.48999,1015.309998,1021.179993,1021.179993,2391100
4/26/2018,1029.51001,1047.97998,1018.190002,1040.040039,1040.040039,2079500
4/27/2018,1046,1049.5,1025.589966,1030.050049,1030.050049,1619800
4/30/2018,1030.01001,1037,1016.849976,1017.330017,1017.330017,1671300
5/1/2018,1013.659973,1038.469971,1008.210022,1037.310059,1037.310059,1427900
5/2/2018,1028.099976,1040.389038,1022.869995,1024.380005,1024.380005,1603100
5/3/2018,1019,1029.675049,1006.289978,1023.719971,1023.719971,1815100
5/4/2018,1016.900024,1048.51001,1016.900024,1048.209961,1048.209961,1938700
5/7/2018,1049.22998,1061.680054,1047.099976,1054.790039,1054.790039,1466100
5/8/2018,1058.540039,1060.550049,1047.14502,1053.910034,1053.910034,1217700
5/9/2018,1058.099976,1085.439941,1056.36499,1082.76001,1082.76001,2032800
5/10/2018,1086.030029,1100.439941,1085.640015,1097.569946,1097.569946,1443000
5/11/2018,1093.599976,1101.329956,1090.910034,1098.26001,1098.26001,1253700
5/14/2018,1100,1110.75,1099.109985,1100.199951,1100.199951,1518100
5/15/2018,1090,1090.050049,1073.469971,1079.22998,1079.22998,1494900
5/16/2018,1077.310059,1089.27002,1076.26001,1081.77002,1081.77002,1097300
5/17/2018,1079.890015,1086.869995,1073.5,1078.589966,1078.589966,1043800
5/18/2018,1061.859985,1069.939941,1060.680054,1066.359985,1066.359985,1565200
5/21/2018,1074.060059,1088,1073.650024,1079.579956,1079.579956,1023200
5/22/2018,1083.560059,1086.589966,1066.689941,1069.72998,1069.72998,1090000
5/23/2018,1065.130005,1080.780029,1061.709961,1079.689941,1079.689941,1060700
5/24/2018,1079,1080.469971,1066.150024,1079.23999,1079.23999,766800
5/25/2018,1079.02002,1082.560059,1073.775024,1075.660034,1075.660034,899400
5/29/2018,1064.890015,1073.369995,1055.219971,1060.319946,1060.319946,1865100
5/30/2018,1063.030029,1069.209961,1056.829956,1067.800049,1067.800049,1138500
5/31/2018,1067.560059,1097.189941,1067.560059,1084.98999,1084.98999,3088300
6/1/2018,1099.349976,1120,1098.5,1119.5,1119.5,2421600
6/4/2018,1122.329956,1141.890015,1122.005005,1139.290039,1139.290039,1889600
6/5/2018,1140.98999,1145.738037,1133.189941,1139.660034,1139.660034,1678000
6/6/2018,1142.170044,1143,1125.743042,1136.880005,1136.880005,1698200
6/7/2018,1131.319946,1135.819946,1116.52002,1123.859985,1123.859985,1520000
6/8/2018,1118.180054,1126.670044,1112.150024,1120.869995,1120.869995,1290800
6/11/2018,1118.599976,1137.26001,1118.599976,1129.98999,1129.98999,1079300
6/12/2018,1131.069946,1139.790039,1130.734985,1139.319946,1139.319946,912000
6/13/2018,1141.119995,1146.5,1133.380005,1134.790039,1134.790039,1506400
6/14/2018,1143.849976,1155.469971,1140.640015,1152.119995,1152.119995,1343400
6/15/2018,1148.859985,1153.420044,1143.484985,1152.26001,1152.26001,2122500
6/18/2018,1143.650024,1174.310059,1143.589966,1173.459961,1173.459961,1413700
6/19/2018,1158.5,1171.27002,1154.01001,1168.060059,1168.060059,1621000
6/20/2018,1175.310059,1186.286011,1169.160034,1169.839966,1169.839966,1648500
6/21/2018,1174.849976,1177.295044,1152.232056,1157.660034,1157.660034,1238100
6/22/2018,1159.140015,1162.496948,1147.26001,1155.47998,1155.47998,1311000
6/25/2018,1143.599976,1143.910034,1112.780029,1124.810059,1124.810059,2157300
6/26/2018,1128,1133.209961,1116.659058,1118.459961,1118.459961,1563200
6/27/2018,1121.339966,1131.83606,1103.619995,1103.97998,1103.97998,1293900
6/28/2018,1102.089966,1122.310059,1096.01001,1114.219971,1114.219971,1072400
6/29/2018,1120,1128.227051,1115,1115.650024,1115.650024,1315100
7/2/2018,1099,1128,1093.800049,1127.459961,1127.459961,1217300
7/3/2018,1135.819946,1135.819946,1100.02002,1102.890015,1102.890015,679000
7/5/2018,1110.530029,1127.5,1108.47998,1124.27002,1124.27002,1066700
7/6/2018,1123.579956,1140.930054,1120.737061,1140.170044,1140.170044,996100
7/9/2018,1148.47998,1154.670044,1143.420044,1154.050049,1154.050049,909000
7/10/2018,1156.97998,1159.589966,1149.589966,1152.839966,1152.839966,798400
7/11/2018,1144.589966,1164.290039,1141,1153.900024,1153.900024,1120000
7/12/2018,1159.890015,1184.410034,1155.935059,1183.47998,1183.47998,1251900
7/13/2018,1185,1195.416992,1180,1188.819946,1188.819946,1221900
7/16/2018,1189.390015,1191,1179.280029,1183.859985,1183.859985,1055700
7/17/2018,1172.219971,1203.040039,1170.599976,1198.800049,1198.800049,1610400
7/18/2018,1196.560059,1204.5,1190.339966,1195.880005,1195.880005,1393600
7/19/2018,1191,1200,1183.319946,1186.959961,1186.959961,1276700
7/20/2018,1186.959961,1196.859985,1184.219971,1184.910034,1184.910034,1247400
7/23/2018,1181.01001,1206.48999,1181,1205.5,1205.5,2619200
7/24/2018,1262.589966,1266,1235.560059,1248.079956,1248.079956,3318200
7/25/2018,1239.130005,1265.859985,1239.130005,1263.699951,1263.699951,2127800
7/26/2018,1251,1269.770996,1249.02002,1268.329956,1268.329956,2405600
7/27/2018,1271,1273.890015,1231,1238.5,1238.5,2130600
7/30/2018,1228.01001,1234.916016,1211.469971,1219.73999,1219.73999,1849900
7/31/2018,1220.01001,1227.588013,1205.599976,1217.26001,1217.26001,1644700
8/1/2018,1228,1233.469971,1210.209961,1220.01001,1220.01001,1567200
8/2/2018,1205.900024,1229.880005,1204.790039,1226.150024,1226.150024,1531300
8/3/2018,1229.619995,1230,1215.060059,1223.709961,1223.709961,1089600
8/6/2018,1225,1226.088013,1215.796997,1224.77002,1224.77002,1081700
8/7/2018,1237,1251.170044,1236.170044,1242.219971,1242.219971,1494000
8/8/2018,1240.469971,1256.5,1238.008057,1245.609985,1245.609985,1370300
8/9/2018,1249.900024,1255.541992,1246.01001,1249.099976,1249.099976,848600
8/10/2018,1243,1245.694946,1232,1237.609985,1237.609985,1108700
8/13/2018,1236.97998,1249.272949,1233.640991,1235.01001,1235.01001,997300
8/14/2018,1235.189941,1245.869995,1225.109985,1242.099976,1242.099976,1348100
8/15/2018,1229.26001,1235.23999,1209.51001,1214.380005,1214.380005,1828800
8/16/2018,1224.72998,1226,1202.550049,1206.48999,1206.48999,1343200
8/17/2018,1202.030029,1209.02002,1188.23999,1200.959961,1200.959961,1389600
8/20/2018,1205.02002,1211,1194.625977,1207.77002,1207.77002,870800
8/21/2018,1208,1217.26001,1200.354004,1201.619995,1201.619995,1205600
8/22/2018,1200,1211.839966,1199,1207.329956,1207.329956,887400
8/23/2018,1207.140015,1221.280029,1204.23999,1205.380005,1205.380005,992600
8/24/2018,1208.819946,1221.650024,1206.359009,1220.650024,1220.650024,946600
8/27/2018,1227.599976,1243.089966,1225.715942,1241.819946,1241.819946,1156300
8/28/2018,1241.290039,1242.545044,1228.689941,1231.150024,1231.150024,1304000
8/29/2018,1237.449951,1250.660034,1236.359009,1249.300049,1249.300049,1298900
8/30/2018,1244.22998,1253.63501,1232.589966,1239.119995,1239.119995,1331400
8/31/2018,1234.97998,1238.660034,1211.285034,1218.189941,1218.189941,1816400
9/4/2018,1204.27002,1212.98999,1192.5,1197,1197,1831000
9/5/2018,1193.800049,1199.01001,1162,1186.47998,1186.47998,2061300
9/6/2018,1186.300049,1186.300049,1152,1171.439941,1171.439941,1888500
9/7/2018,1158.670044,1175.26001,1157.214966,1164.829956,1164.829956,1401300
9/10/2018,1172.189941,1174.540039,1160.109985,1164.640015,1164.640015,1115400
9/11/2018,1161.630005,1178.680054,1156.23999,1177.359985,1177.359985,1209300
9/12/2018,1172.719971,1178.609985,1158.359985,1162.819946,1162.819946,1295500
9/13/2018,1170.73999,1178.609985,1162.849976,1175.329956,1175.329956,1431200
9/14/2018,1179.099976,1180.425049,1168.329956,1172.530029,1172.530029,944000
9/17/2018,1170.140015,1177.23999,1154.030029,1156.050049,1156.050049,1306500
9/18/2018,1157.089966,1176.079956,1157.089966,1161.219971,1161.219971,1203600
9/19/2018,1164.97998,1173.209961,1154.579956,1171.089966,1171.089966,1191400
9/20/2018,1179.98999,1189.890015,1173.359985,1186.869995,1186.869995,1225400
9/21/2018,1192,1192.209961,1166.040039,1166.089966,1166.089966,4405600
9/24/2018,1157.170044,1178,1146.910034,1173.369995,1173.369995,1271000
9/25/2018,1176.150024,1186.880005,1168,1184.650024,1184.650024,977700
9/26/2018,1185.150024,1194.22998,1174.765015,1180.48999,1180.48999,1462300
9/27/2018,1186.72998,1202.099976,1183.630005,1194.640015,1194.640015,1260800
9/28/2018,1191.869995,1195.410034,1184.5,1193.469971,1193.469971,1380600
10/1/2018,1199.890015,1209.900024,1190.300049,1195.310059,1195.310059,1357600
10/2/2018,1190.959961,1209.959961,1186.630005,1200.109985,1200.109985,1687900
10/3/2018,1205,1206.410034,1193.829956,1202.949951,1202.949951,1256200
10/4/2018,1195.329956,1197.51001,1155.57605,1168.189941,1168.189941,2209500
10/5/2018,1167.5,1173.5,1145.119995,1157.349976,1157.349976,1184300
10/8/2018,1150.109985,1168,1127.364014,1148.969971,1148.969971,1932400
10/9/2018,1146.150024,1154.349976,1137.572021,1138.819946,1138.819946,1308700
10/10/2018,1131.079956,1132.170044,1081.130005,1081.219971,1081.219971,2675700
10/11/2018,1072.939941,1106.400024,1068.27002,1079.319946,1079.319946,2949000
10/12/2018,1108,1115,1086.401978,1110.079956,1110.079956,2101300
10/15/2018,1108.910034,1113.446045,1089,1092.25,1092.25,1372400
10/16/2018,1104.589966,1124.219971,1102.5,1121.280029,1121.280029,1928500
10/17/2018,1126.459961,1128.98999,1102.189941,1115.689941,1115.689941,1467200
10/18/2018,1121.839966,1121.839966,1077.089966,1087.969971,1087.969971,2094500
10/19/2018,1093.369995,1110.359985,1087.75,1096.459961,1096.459961,1267600
10/22/2018,1103.060059,1112.22998,1091,1101.160034,1101.160034,1514200
10/23/2018,1080.890015,1107.890015,1070,1103.689941,1103.689941,1848700
10/24/2018,1104.25,1106.119995,1048.73999,1050.709961,1050.709961,1982400
10/25/2018,1071.790039,1110.97998,1069.550049,1095.569946,1095.569946,2545800
10/26/2018,1037.030029,1106.530029,1034.089966,1071.469971,1071.469971,4187600
10/29/2018,1082.469971,1097.040039,995.830017,1020.080017,1020.080017,3880700
10/30/2018,1008.460022,1037.48999,1000.75,1036.209961,1036.209961,3212700
10/31/2018,1059.810059,1091.939941,1057,1076.77002,1076.77002,2529800
11/1/2018,1075.800049,1083.974976,1062.459961,1070,1070,1482000
11/2/2018,1073.72998,1082.974976,1054.609985,1057.790039,1057.790039,1839000
11/5/2018,1055,1058.469971,1021.23999,1040.089966,1040.089966,2441400
11/6/2018,1039.47998,1064.344971,1038.069946,1055.810059,1055.810059,1233300
11/7/2018,1069,1095.459961,1065.900024,1093.390015,1093.390015,2058400
11/8/2018,1091.380005,1093.27002,1072.204956,1082.400024,1082.400024,1488200
11/9/2018,1073.98999,1075.560059,1053.109985,1066.150024,1066.150024,1343200
11/12/2018,1061.390015,1062.119995,1031,1038.630005,1038.630005,1471800
11/13/2018,1043.290039,1056.60498,1031.150024,1036.050049,1036.050049,1513700
11/14/2018,1050,1054.563965,1031,1043.660034,1043.660034,1565900
11/15/2018,1044.709961,1071.849976,1031.780029,1064.709961,1064.709961,1836100
11/16/2018,1059.410034,1067,1048.97998,1061.48999,1061.48999,1658100
11/19/2018,1057.199951,1060.790039,1016.26001,1020,1020,1858600
11/20/2018,1000,1031.73999,996.02002,1025.76001,1025.76001,2449100
11/21/2018,1036.76001,1048.560059,1033.469971,1037.609985,1037.609985,1534300
11/23/2018,1030,1037.589966,1022.398987,1023.880005,1023.880005,691500
11/26/2018,1038.349976,1049.310059,1033.910034,1048.619995,1048.619995,1942800
11/27/2018,1041,1057.579956,1038.48999,1044.410034,1044.410034,1803200
11/28/2018,1048.76001,1086.839966,1035.76001,1086.22998,1086.22998,2475400
11/29/2018,1076.079956,1094.244995,1076,1088.300049,1088.300049,1468900
11/30/2018,1089.069946,1095.569946,1077.880005,1094.430054,1094.430054,2580200
12/3/2018,1123.140015,1124.650024,1103.665039,1106.430054,1106.430054,1991200
12/4/2018,1103.119995,1104.420044,1049.97998,1050.819946,1050.819946,2345200
12/6/2018,1034.26001,1071.199951,1030.77002,1068.72998,1068.72998,2769200
12/7/2018,1060.01001,1075.26001,1028.5,1036.579956,1036.579956,2101200
12/10/2018,1035.050049,1048.449951,1023.289978,1039.550049,1039.550049,1807700
12/11/2018,1056.48999,1060.599976,1039.839966,1051.75,1051.75,1394700
12/12/2018,1068,1081.650024,1062.790039,1063.680054,1063.680054,1523800
12/13/2018,1068.069946,1079.76001,1053.930054,1061.900024,1061.900024,1329800
12/14/2018,1049.97998,1062.599976,1040.790039,1042.099976,1042.099976,1686600
12/17/2018,1037.51001,1053.150024,1007.900024,1016.530029,1016.530029,2385400
12/18/2018,1026.089966,1049.47998,1021.440002,1028.709961,1028.709961,2192500
12/19/2018,1033.98999,1062,1008.049988,1023.01001,1023.01001,2479300
12/20/2018,1018.130005,1034.219971,996.359985,1009.409973,1009.409973,2673500
12/21/2018,1015.299988,1024.02002,973.690002,979.539978,979.539978,4596000
12/24/2018,973.900024,1003.539978,970.109985,976.219971,976.219971,1590300
12/26/2018,989.01001,1040,983,1039.459961,1039.459961,2373300
12/27/2018,1017.150024,1043.890015,997,1043.880005,1043.880005,2109800
12/28/2018,1049.619995,1055.560059,1033.099976,1037.079956,1037.079956,1414800
12/31/2018,1050.959961,1052.699951,1023.590027,1035.609985,1035.609985,1493300
1/2/2019,1016.570007,1052.319946,1015.710022,1045.849976,1045.849976,1532600
1/3/2019,1041,1056.97998,1014.070007,1016.059998,1016.059998,1841100
1/4/2019,1032.589966,1070.839966,1027.417969,1070.709961,1070.709961,2093900
1/7/2019,1071.5,1074,1054.76001,1068.390015,1068.390015,1981900
1/8/2019,1076.109985,1084.560059,1060.530029,1076.280029,1076.280029,1764900
1/9/2019,1081.650024,1082.630005,1066.400024,1074.660034,1074.660034,1199300
1/10/2019,1067.660034,1071.150024,1057.709961,1070.329956,1070.329956,1456400
1/11/2019,1063.180054,1063.775024,1048.47998,1057.189941,1057.189941,1520800
1/14/2019,1046.920044,1051.530029,1041.255005,1044.689941,1044.689941,1144300
1/15/2019,1050.170044,1080.050049,1047.339966,1077.150024,1077.150024,1463600
1/16/2019,1080,1092.375,1079.339966,1080.969971,1080.969971,1331800
1/17/2019,1079.469971,1091.800049,1073.5,1089.900024,1089.900024,1242700
1/18/2019,1100,1108.352051,1090.900024,1098.26001,1098.26001,1955600
1/22/2019,1088,1091.51001,1063.469971,1070.52002,1070.52002,1613500
1/23/2019,1077.349976,1084.930054,1059.75,1075.569946,1075.569946,967000
1/24/2019,1076.47998,1079.474976,1060.699951,1073.900024,1073.900024,1361300
1/25/2019,1085,1094,1081.819946,1090.98999,1090.98999,1119100
1/28/2019,1080.109985,1083,1063.800049,1070.079956,1070.079956,1284300
1/29/2019,1072.680054,1075.150024,1055.86499,1060.619995,1060.619995,1021800
1/30/2019,1068.430054,1091,1066.849976,1089.060059,1089.060059,1279800
1/31/2019,1103,1117.329956,1095.410034,1116.369995,1116.369995,1538300
2/1/2019,1112.400024,1125,1104.890015,1110.75,1110.75,1462200
2/4/2019,1112.660034,1132.800049,1109.02002,1132.800049,1132.800049,2576500
2/5/2019,1124.839966,1146.849976,1117.248047,1145.98999,1145.98999,3552200
2/6/2019,1139.569946,1147,1112.77002,1115.22998,1115.22998,2105600
2/7/2019,1104.160034,1104.839966,1086,1098.709961,1098.709961,2044800
2/8/2019,1087,1098.910034,1086.550049,1095.060059,1095.060059,1075800
2/11/2019,1096.949951,1105.944946,1092.859985,1095.01001,1095.01001,1065200
2/12/2019,1106.800049,1125.295044,1105.849976,1121.369995,1121.369995,1609100
2/13/2019,1124.98999,1134.72998,1118.5,1120.160034,1120.160034,1049800
2/14/2019,1118.050049,1128.22998,1110.444946,1121.670044,1121.670044,947600
2/15/2019,1130.079956,1131.670044,1110.650024,1113.650024,1113.650024,1449800
2/19/2019,1110,1121.890015,1110,1118.560059,1118.560059,1046400
2/20/2019,1119.98999,1123.410034,1105.280029,1113.800049,1113.800049,1087800
2/21/2019,1110.839966,1111.939941,1092.52002,1096.969971,1096.969971,1415100
2/22/2019,1100.900024,1111.23999,1095.599976,1110.369995,1110.369995,1049500
2/25/2019,1116,1118.540039,1107.27002,1109.400024,1109.400024,1413100
2/26/2019,1105.75,1119.51001,1099.920044,1115.130005,1115.130005,1471300
2/27/2019,1106.949951,1117.97998,1101,1116.050049,1116.050049,968400
2/28/2019,1111.300049,1127.650024,1111.01001,1119.920044,1119.920044,1542500
3/1/2019,1124.900024,1142.969971,1124.75,1140.98999,1140.98999,1450300
3/4/2019,1146.98999,1158.280029,1130.689941,1147.800049,1147.800049,1446000
3/5/2019,1150.060059,1169.609985,1146.194946,1162.030029,1162.030029,1443200
3/6/2019,1162.48999,1167.56604,1155.48999,1157.859985,1157.859985,1099300
3/7/2019,1155.719971,1156.755005,1134.910034,1143.300049,1143.300049,1166600
3/8/2019,1126.72998,1147.079956,1123.300049,1142.319946,1142.319946,1212400
3/11/2019,1144.449951,1176.189941,1144.449951,1175.76001,1175.76001,1719200
3/12/2019,1178.26001,1200,1178.26001,1193.199951,1193.199951,2013100
3/13/2019,1200.64502,1200.930054,1191.939941,1193.319946,1193.319946,1435900
3/14/2019,1194.51001,1197.880005,1184.47998,1185.550049,1185.550049,1172800
3/15/2019,1193.380005,1196.569946,1182.609985,1184.459961,1184.459961,2461800
3/18/2019,1183.300049,1190,1177.421021,1184.26001,1184.26001,1292600
3/19/2019,1188.810059,1200,1185.869995,1198.849976,1198.849976,1520700
3/20/2019,1197.349976,1227.140015,1196.170044,1223.969971,1223.969971,2227400
3/21/2019,1216,1231.790039,1213.150024,1231.540039,1231.540039,1204000
3/22/2019,1226.319946,1230,1202.824951,1205.5,1205.5,1714200
3/25/2019,1196.930054,1206.397949,1187.040039,1193,1193,1496800
3/26/2019,1198.530029,1202.829956,1176.719971,1184.619995,1184.619995,1901200
3/27/2019,1185.5,1187.55896,1159.369995,1173.02002,1173.02002,1400200
3/28/2019,1171.540039,1171.564941,1159.43103,1168.48999,1168.48999,961700
3/29/2019,1174.900024,1178.98999,1162.880005,1173.310059,1173.310059,1269900
4/1/2019,1184.099976,1196.660034,1182,1194.430054,1194.430054,1252500
4/2/2019,1195.319946,1201.349976,1185.709961,1200.48999,1200.48999,827900
4/3/2019,1207.47998,1216.300049,1200.5,1205.920044,1205.920044,1014300
4/4/2019,1205.939941,1215.670044,1204.130005,1215,1215,950000
4/5/2019,1214.98999,1216.219971,1205.030029,1207.150024,1207.150024,907200
4/8/2019,1207.890015,1208.689941,1199.859985,1203.839966,1203.839966,860200
4/9/2019,1196,1202.290039,1193.079956,1197.25,1197.25,876400
4/10/2019,1200.680054,1203.785034,1196.435059,1202.160034,1202.160034,724600
4/11/2019,1203.959961,1207.959961,1200.130005,1204.619995,1204.619995,710200
4/12/2019,1210,1218.349976,1208.109985,1217.869995,1217.869995,933400
4/15/2019,1218,1224.199951,1209.109985,1221.099976,1221.099976,1187400
4/16/2019,1225,1230.819946,1220.119995,1227.130005,1227.130005,856300
4/17/2019,1233,1240.560059,1227.819946,1236.339966,1236.339966,1221900
4/18/2019,1239.180054,1242,1234.609985,1236.369995,1236.369995,1331800
4/22/2019,1235.98999,1249.089966,1228.310059,1248.839966,1248.839966,807300
4/23/2019,1250.689941,1269,1246.380005,1264.550049,1264.550049,1319900
4/24/2019,1264.119995,1268.01001,1255,1256,1256,1018800
4/25/2019,1264.77002,1267.407959,1252.030029,1263.449951,1263.449951,1107300
4/26/2019,1269,1273.069946,1260.319946,1272.180054,1272.180054,1241400
4/29/2019,1274,1289.27002,1266.295044,1287.579956,1287.579956,2499400
